"trees_per_ha","bio_mg_per_ha","prop_gr_30cm_ha"
1604,367.002795404,0.117206982543641
2380,396.543524776,0.126050420168067
1580,508.436816756,0.167088607594937
2552,265.219877864,0.0297805642633229
7856,98.395768292,0.00356415478615071
1540,434.449755688,0.2
1828,361.514581136,0.102844638949672
1336,402.386376136,0.137724550898204
1544,380.226689496,0.147668393782383
1452,398.140151452,0.170798898071625
2476,415.22079674,0.127625201938611
1672,380.99871896,0.12200956937799
1272,390.765402688,0.160377358490566
5216,64.504071788,0.00383435582822086
2096,290.969105188,0.0534351145038168
1576,370.928314772,0.131979695431472
2216,399.362497928,0.108303249097473
2380,404.389319844,0.0890756302521008
2168,410.550167244,0.108856088560886
2628,361.936519528,0.0487062404870624
4140,119.515075952,0.000966183574879227
2484,304.285371412,0.0515297906602254
2336,636.772502292,0.106164383561644
2788,352.264413424,0.0645624103299857
1564,369.86095496,0.0895140664961637
1808,395.458919832,0.0951327433628319
7664,135.34846194,0.00574112734864301
1524,414.474167148,0.139107611548556
1576,403.121131992,0.124365482233503
2388,319.180587836,0.050251256281407
