"secondary.id","primary.id","trees.per.ha","bio.mg.per.ha"
1,1,1344,225.08714176
2,1,3072,262.008648576
3,1,5184,397.505121664
4,1,2752,220.826646528
5,1,2176,405.40641472
6,1,3200,159.096433408
7,1,5568,297.205416896
8,1,4160,608.612595008
9,1,2816,480.497771136
10,1,3712,272.264120256
11,1,4800,390.192935936
12,1,1472,357.839008384
13,1,3072,267.409562624
14,1,2624,561.527428864
15,1,3520,421.888143424
16,1,3264,315.688316992
1,2,2048,502.760970496
2,2,6656,133.430473536
3,2,2304,210.245238016
4,2,1344,534.656397248
5,2,2176,717.989535488
6,2,2560,358.956884864
7,2,1856,293.042051968
8,2,1536,353.8857584
9,2,1600,330.714470272
10,2,1408,558.24260576
11,2,1536,440.06572672
12,2,1728,338.478186048
13,2,4480,346.798143424
14,2,1408,459.386574272
15,2,1152,226.42617536
16,2,1216,288.797397632
1,3,1536,489.542428224
2,3,1664,235.077529664
3,3,2304,347.0290176
4,3,2368,345.877528448
5,3,1664,522.417366656
6,3,1984,260.391450752
7,3,1920,256.133809408
8,3,3648,188.28102496
9,3,1856,482.982650112
10,3,1664,233.854755456
11,3,3648,279.539149376
12,3,2880,168.53933472
13,3,2560,363.566623872
14,3,2752,348.9759216
15,3,1920,123.413504256
16,3,1920,381.281194688
1,4,2176,467.08273312
2,4,2304,326.702671232
3,4,3584,255.685903552
4,4,3328,371.278795392
5,4,2816,330.856805632
6,4,1856,306.846439616
7,4,2112,360.786876736
8,4,1792,421.43910592
9,4,2368,258.760981824
10,4,1536,207.918923264
11,4,1792,376.370350592
12,4,1024,484.216916096
13,4,1984,325.291587136
14,4,1472,360.94308352
15,4,2048,165.460546752
16,4,1600,422.34516128
1,5,1600,576.641695424
2,5,2944,437.662911616
3,5,1024,318.367279104
4,5,2112,223.599495296
5,5,1152,289.548575808
6,5,1920,526.154290368
7,5,1280,260.41973248
8,5,1344,532.3798864
9,5,1408,371.706362112
10,5,1216,435.241043136
11,5,1472,310.262433088
12,5,960,233.501586432
13,5,1280,262.39507584
14,5,3904,433.449382976
15,5,2432,324.359022848
16,5,2688,590.298395456
1,6,576,403.953245952
2,6,1280,288.18894208
3,6,1152,580.649253888
4,6,960,278.828530368
5,6,1408,558.573077888
6,6,1152,521.042920384
7,6,1600,312.540285248
8,6,1664,554.345534592
9,6,3008,336.673595264
10,6,3392,408.752312832
11,6,3136,211.280196288
12,6,1856,230.260984256
13,6,1792,197.49321376
14,6,1600,451.316782656
15,6,1408,377.619759872
16,6,2176,435.674551552
1,7,1344,565.217486464
2,7,1280,433.853534592
3,7,1728,333.185602816
4,7,1472,377.490349184
5,7,832,378.725893696
6,7,1728,364.884679744
7,7,2112,361.765620672
8,7,1600,274.344551808
9,7,640,495.887849088
10,7,960,539.920124352
11,7,1920,347.616907456
12,7,1728,392.7427024
13,7,704,395.289841536
14,7,896,439.781841536
15,7,1408,463.287858496
16,7,2880,206.247579392
1,8,2112,190.948987712
2,8,1856,508.380945728
3,8,1536,331.197834752
4,8,1088,497.172254784
5,8,1344,394.501608064
6,8,1280,653.026834816
7,8,1344,773.786946368
8,8,1152,375.274175104
9,8,2880,286.453270976
10,8,960,442.216768896
11,8,1408,520.728296448
12,8,1216,384.932606144
13,8,1984,577.286512576
14,8,3520,354.543377152
15,8,896,392.81955008
16,8,2304,199.096834816
1,9,1408,569.21236128
2,9,1472,549.64857344
3,9,832,564.074750144
4,9,1152,477.8452496
5,9,1344,428.570488768
6,9,1152,391.98974208
7,9,1024,588.328717184
8,9,2816,427.915887616
9,9,1152,604.921346688
10,9,1216,348.52198048
11,9,1344,389.653432384
12,9,1152,483.050344896
13,9,1024,331.007717632
14,9,1344,681.377909568
15,9,1600,228.436203456
16,9,896,365.3174416
1,10,3520,527.506295552
2,10,2368,472.95255648
3,10,960,481.80861824
4,10,1536,503.881436672
5,10,5632,308.817333184
6,10,3008,423.945791552
7,10,2624,472.653691072
8,10,2304,244.751411904
9,10,1344,572.099545792
10,10,1600,414.369697344
11,10,4864,646.958312832
12,10,3648,401.375712384
13,10,2048,743.881134976
14,10,2816,170.945772096
15,10,6400,285.9757376
16,10,5248,587.794350656
1,11,1792,271.640230848
2,11,2368,245.758007232
3,11,1984,191.83913216
4,11,2752,329.134247104
5,11,1920,388.432232576
6,11,1536,312.279453312
7,11,1600,531.753542784
8,11,3200,306.735585024
9,11,2048,394.439619392
10,11,1792,199.16459744
11,11,2688,336.5002192
12,11,3968,365.681576192
13,11,1856,356.872815936
14,11,2880,284.547979072
15,11,2432,323.876210944
16,11,4096,167.038496512
1,12,1856,301.919888192
2,12,2624,427.15495264
3,12,2240,224.829725184
4,12,2048,404.902867904
5,12,3392,192.601637312
6,12,2944,236.697733312
7,12,3264,222.738771392
8,12,2560,317.813455616
9,12,3328,287.678321024
10,12,3776,332.558025216
11,12,2816,145.224605184
12,12,3392,176.717312064
13,12,4224,153.021463552
14,12,3328,199.528443712
15,12,2112,256.599938624
16,12,4224,269.944925184
1,13,2176,239.03036832
2,13,1920,286.93897696
3,13,2816,372.529800832
4,13,1344,119.866131904
5,13,2944,248.444575936
6,13,2752,304.8215792
7,13,2752,257.15970656
8,13,2432,203.028368
9,13,2816,191.002449536
10,13,3200,279.626338752
11,13,4736,258.82182144
12,13,3648,196.19464032
13,13,4992,272.736351744
14,13,4416,294.458178752
15,13,2944,155.550795072
16,13,4480,236.193536192
1,14,2752,368.54544032
2,14,2304,385.816296832
3,14,3136,179.631128704
4,14,2176,211.22173856
5,14,1600,197.134856512
6,14,2048,351.507139904
7,14,2432,264.02957312
8,14,1984,199.072139968
9,14,2880,205.23756928
10,14,3584,353.520144448
11,14,3264,292.017547328
12,14,1600,307.4782624
13,14,2688,143.218320192
14,14,2944,210.791809536
15,14,2880,304.551989376
16,14,2560,269.744089344
1,15,4288,95.40885696
2,15,5376,272.054283584
3,15,3520,473.24967488
4,15,5760,343.960671744
5,15,4928,99.562125824
6,15,4928,355.64672704
7,15,3776,353.871337024
8,15,6400,143.334888704
9,15,4352,415.113127232
10,15,5184,98.336159616
11,15,8320,375.787244992
12,15,6400,209.659534272
13,15,3712,343.842916032
14,15,5504,456.765034496
15,15,2688,310.646062464
16,15,4032,361.265577344
1,16,6784,371.186187968
2,16,3840,269.336703552
3,16,3520,331.316047296
4,16,2176,515.751103872
5,16,5952,352.105412544
6,16,3904,296.731631168
7,16,4288,262.946927488
8,16,1856,286.403230912
9,16,4736,158.64519616
10,16,5376,253.442277824
11,16,6528,174.531512
12,16,2624,509.96538688
13,16,3264,272.993301504
14,16,1920,302.632525504
15,16,3456,375.844339648
16,16,1216,265.079612608
1,17,2624,212.895811456
2,17,2176,251.94557088
3,17,2240,297.500931648
4,17,2880,463.221798464
5,17,2688,444.592009472
6,17,1600,313.539833792
7,17,1152,219.141058368
8,17,1152,432.140133056
9,17,2816,237.99240672
10,17,1664,413.565674816
11,17,1856,398.865869696
12,17,1408,506.677668544
13,17,1792,456.846347776
14,17,1600,386.142999872
15,17,1408,271.96518624
16,17,1344,411.659525312
1,18,2048,412.477452224
2,18,1920,468.801334144
3,18,2752,346.552709376
4,18,2368,464.452719616
5,18,1152,591.282354368
6,18,1088,274.14624704
7,18,1984,318.555292864
8,18,1280,515.442428736
9,18,1024,704.752656
10,18,1408,662.517835264
11,18,2304,234.894998848
12,18,1664,397.018001344
13,18,768,548.663682432
14,18,960,240.27166016
15,18,1344,213.445138432
16,18,1536,377.36565536
1,19,1664,156.24081568
2,19,2752,388.22253408
3,19,2112,195.848852864
4,19,2496,456.563436288
5,19,3520,473.21088544
6,19,6272,273.268875008
7,19,1216,219.596643328
8,19,1856,301.966123904
9,19,2240,194.324930432
10,19,1984,443.067207488
11,19,1536,298.398206144
12,19,1856,396.898625856
13,19,1984,325.540391488
14,19,1344,260.672591168
15,19,1024,297.366868672
16,19,1984,416.6835408
1,20,2240,524.78144032
2,20,2688,130.413612736
3,20,1792,551.4495888
4,20,2432,531.196738496
5,20,2560,331.782610688
6,20,2048,338.9532688
7,20,1536,178.435456192
8,20,2176,333.450241792
9,20,1792,686.454496128
10,20,1984,199.060594176
11,20,2368,367.877606976
12,20,1664,485.856197248
13,20,1600,475.093413376
14,20,2240,206.399995264
15,20,2880,559.179312128
16,20,2560,388.303440768
1,21,832,276.12135136
2,21,768,361.906726528
3,21,1472,150.740292032
4,21,2880,524.694715072
5,21,1600,779.779619072
6,21,832,415.511262784
7,21,1024,306.592472512
8,21,2176,381.510352256
9,21,2240,258.375907328
10,21,2112,221.861650496
11,21,1280,286.057856
12,21,1856,527.87649024
13,21,1344,469.400073408
14,21,2048,427.837864064
15,21,3200,176.438834432
16,21,3584,219.527830592
1,22,1664,342.766918208
2,22,1600,377.988946688
3,22,1216,449.284658304
4,22,2304,525.602229504
5,22,2560,120.698101952
6,22,2624,295.30246816
7,22,2624,327.213526592
8,22,2816,251.65187104
9,22,2944,125.837200512
10,22,3200,311.055152704
11,22,2368,534.537732928
12,22,2176,215.036617664
13,22,3904,92.765703424
14,22,3392,110.11286432
15,22,4032,109.271718976
16,22,4992,204.86651616
1,23,1664,407.18471168
2,23,3840,705.294799616
3,23,2368,143.557106368
4,23,896,265.378227392
5,23,2304,216.624071936
6,23,1728,300.179668672
7,23,1344,443.158054336
8,23,1472,239.560228096
9,23,4672,220.562343936
10,23,4992,333.256406272
11,23,7680,125.969159232
12,23,5504,219.77817312
13,23,9280,155.036000384
14,23,11776,90.11183424
15,23,16896,73.06956608
16,23,10944,77.973273472
1,24,1856,368.831125696
2,24,1728,308.040849856
3,24,2112,445.580606784
4,24,1536,435.898012672
5,24,2496,420.666584512
6,24,2496,332.176976768
7,24,1600,212.359162688
8,24,1408,462.288551552
9,24,3840,204.434620096
10,24,4608,317.62741568
11,24,448,169.286177024
12,24,2112,482.317810752
13,24,6464,285.558406272
14,24,3200,437.332992704
15,24,1664,153.743710784
16,24,1408,497.10338944
1,25,1344,371.078142976
2,25,2176,354.09592672
3,25,1600,539.50457888
4,25,2816,317.55296704
5,25,1408,344.353958464
6,25,1536,350.254070464
7,25,1280,205.683965568
8,25,2112,208.120357824
9,25,2624,254.956558528
10,25,1856,345.105785728
11,25,1280,213.690263296
12,25,1600,204.315474432
13,25,1216,286.76492512
14,25,896,383.149256128
15,25,1472,491.154358208
16,25,2048,655.749628864
1,26,4352,172.422181696
2,26,4928,288.2226592
3,26,3328,181.515084928
4,26,4800,205.904815872
5,26,3520,163.892454144
6,26,5184,102.934844032
7,26,4800,172.348037312
8,26,4480,239.05867168
9,26,2112,191.99376096
10,26,3904,189.517108416
11,26,5760,125.342768768
12,26,4096,168.474352832
13,26,2496,358.569737216
14,26,4544,159.335774272
15,26,3776,240.42625408
16,26,4608,125.300599744
1,27,4608,182.396014656
2,27,3264,147.151348992
3,27,3584,135.764994304
4,27,2176,270.85681632
5,27,4416,217.319405888
6,27,2624,248.2941424
7,27,3200,163.600859776
8,27,1856,168.797302528
9,27,3648,243.154681536
10,27,3200,177.629626752
11,27,3456,198.944189312
12,27,3264,159.839614848
13,27,4800,273.556064576
14,27,3776,149.17089472
15,27,3072,179.9574048
16,27,3072,136.84293024
1,28,3712,269.752024192
2,28,3648,206.717924032
3,28,2368,292.19022464
4,28,2624,329.105409152
5,28,3456,299.770447168
6,28,3072,246.045174144
7,28,4160,387.184563392
8,28,2752,303.63443168
9,28,2112,264.097009856
10,28,3328,157.76580544
11,28,3264,263.290735872
12,28,3584,277.538972928
13,28,3392,307.039998912
14,28,3520,239.61625664
15,28,3328,378.971431104
16,28,2048,320.705799424
1,29,5248,276.718555776
2,29,5888,250.735914816
3,29,4160,197.1432336
4,29,4992,172.102042688
5,29,3712,245.84275104
6,29,4672,325.060646208
7,29,4736,301.428846272
8,29,5184,179.723058624
9,29,2432,526.083795392
10,29,4352,433.852360064
11,29,1792,395.213725952
12,29,1536,378.697969088
13,29,1216,395.181724224
14,29,1408,351.945115712
15,29,768,583.254681408
16,29,960,576.195403712
1,30,6912,255.124929856
2,30,4736,322.798176704
3,30,2624,261.534178752
4,30,1536,380.715154816
5,30,6848,411.116416
6,30,3840,199.076119488
7,30,1280,479.651548928
8,30,1408,276.928356288
9,30,3776,314.807771328
10,30,2752,326.964184896
11,30,1856,521.009495552
12,30,2880,436.153936896
13,30,1664,366.51750368
14,30,1856,400.902506752
15,30,1408,286.662090112
16,30,2112,184.3189024
1,31,1664,422.80280192
2,31,896,309.222203392
3,31,576,419.868245824
4,31,1216,216.133728448
5,31,1536,513.812495616
6,31,1792,354.365551744
7,31,3392,441.492619648
8,31,2752,446.891072576
9,31,1792,530.358283072
10,31,2816,217.77877056
11,31,2176,307.409303232
12,31,1856,204.284808064
13,31,3584,185.671169408
14,31,2816,220.550040064
15,31,2944,190.967412672
16,31,2688,328.108528
1,32,1408,387.161905088
2,32,2368,305.953367552
3,32,1472,490.938118656
4,32,1792,399.543832064
5,32,1344,488.443552704
6,32,1984,657.345280256
7,32,1536,329.321508224
8,32,1216,294.154252608
9,32,2112,420.899309632
10,32,1344,201.288008064
11,32,1792,653.987778496
12,32,1280,463.10144416
13,32,2688,329.357251264
14,32,1664,415.13999488
15,32,1280,305.780302208
16,32,1472,411.4096192
1,33,1664,311.145433664
2,33,1408,287.972995264
3,33,1920,225.046002432
4,33,1600,354.072606976
5,33,1408,327.022540352
6,33,1408,395.088270784
7,33,1216,149.500677184
8,33,2624,831.030219264
9,33,1024,272.173871808
10,33,1152,389.757180672
11,33,1152,428.291066304
12,33,1984,370.136037056
13,33,1728,380.215081792
14,33,1600,430.087257984
15,33,1408,431.234719488
16,33,1728,335.001318336
1,34,2368,389.076095808
2,34,2624,425.25321984
3,34,3008,82.359949504
4,34,3072,343.321567808
5,34,2624,437.794981376
6,34,2496,225.546956608
7,34,1856,363.845854784
8,34,2240,542.081945344
9,34,1920,271.066876928
10,34,2752,215.289716736
11,34,2880,464.293942528
12,34,3520,337.2767184
13,34,1408,352.92434176
14,34,2368,606.411699648
15,34,3392,327.266299712
16,34,3520,407.174145664
1,35,2304,256.501979072
2,35,3328,335.298566272
3,35,6336,289.554131136
4,35,8320,70.540829696
5,35,3456,162.880158784
6,35,8832,64.572287104
7,35,13568,44.1965568
8,35,12224,28.948676864
9,35,4864,311.447682688
10,35,10880,97.242043776
11,35,7232,8.082345408
12,35,12992,52.523538752
13,35,3648,238.997369984
14,35,8896,77.246204864
15,35,7296,82.374599808
16,35,8448,45.168420032
1,36,11648,97.792116992
2,36,6208,65.071319616
3,36,3776,43.211990528
4,36,5824,77.799534336
5,36,6016,21.004738944
6,36,6976,62.418696896
7,36,5184,52.07458656
8,36,7616,39.223296384
9,36,14784,42.695726336
10,36,9216,38.095795776
11,36,7168,61.58413568
12,36,6464,29.013616576
13,36,6976,62.819700992
14,36,6784,19.59417248
15,36,8832,59.40769056
16,36,8704,62.355072064
1,37,6208,146.469542912
2,37,7168,50.508885696
3,37,6976,41.125452864
4,37,9792,124.587415616
5,37,7040,98.87814336
6,37,5312,89.084932672
7,37,5440,94.422144704
8,37,5888,42.904756288
9,37,3200,2.54292352
10,37,4544,56.334330432
11,37,1216,42.254542656
12,37,4288,47.044047232
13,37,7296,80.48090592
14,37,2752,70.531967616
15,37,2752,3.647079232
16,37,3584,41.248077888
1,38,5824,287.134114624
2,38,2880,360.064775872
3,38,2688,516.870752384
4,38,2688,342.182720576
5,38,4032,245.667720064
6,38,2752,414.76554528
7,38,1536,252.110623872
8,38,1920,416.165659264
9,38,7232,417.86050304
10,38,3520,354.953131904
11,38,2304,508.31835872
12,38,2112,236.496885824
13,38,4800,140.774869184
14,38,5120,452.823098752
15,38,1856,335.499626432
16,38,2560,426.261664128
1,39,2112,187.624568128
2,39,2112,551.527998464
3,39,5632,445.145816832
4,39,4224,295.09060448
5,39,2176,436.09616
6,39,5184,336.03448352
7,39,3776,487.551318272
8,39,1728,336.802117312
9,39,2688,428.520803968
10,39,2112,365.339781056
11,39,2560,235.79773056
12,39,4608,280.410358528
13,39,2112,207.232928
14,39,1792,603.38369824
15,39,2304,456.170086464
16,39,1920,376.786375296
1,40,3008,237.237338624
2,40,2624,207.239383552
3,40,2688,189.2965152
4,40,3584,227.653660288
5,40,1216,608.994648448
6,40,1216,189.636410624
7,40,1408,195.301538624
8,40,1984,250.303894144
9,40,2048,232.108679104
10,40,2560,571.380179392
11,40,1664,388.772251584
12,40,2688,279.07906656
13,40,2240,358.599283328
14,40,1472,245.380492416
15,40,1728,388.449876608
16,40,2368,516.478780416
1,41,2944,219.348036352
2,41,3328,218.440987584
3,41,3456,273.405818496
4,41,3008,171.221787584
5,41,3008,199.469372928
6,41,3456,178.853543872
7,41,2624,288.884985216
8,41,3776,276.512122048
9,41,3264,288.340645632
10,41,4608,343.706652608
11,41,2624,376.222897856
12,41,2944,339.423207744
13,41,2368,320.76893856
14,41,1216,317.453099136
15,41,1728,171.118843584
16,41,1984,307.117858432
1,42,3264,259.939712064
2,42,2816,176.41483168
3,42,2496,312.548114816
4,42,2560,226.1164608
5,42,3072,255.731247104
6,42,2240,197.190696832
7,42,1664,388.21340096
8,42,2432,438.328646784
9,42,2752,331.261049664
10,42,1856,332.45344864
11,42,2368,205.146897792
12,42,1984,354.855397568
13,42,1856,574.922286272
14,42,1472,338.742668352
15,42,2560,312.310508288
16,42,2816,402.71403776
1,43,2176,387.849887424
2,43,1920,679.669481408
3,43,576,434.517181504
4,43,1280,552.665790784
5,43,1600,355.102489408
6,43,2560,671.172637696
7,43,1664,592.662619328
8,43,704,665.574228608
9,43,1792,413.595293824
10,43,1920,456.816613632
11,43,1728,70.091909888
12,43,960,932.824600832
13,43,1664,432.218667008
14,43,1600,528.325527104
15,43,1856,410.783182464
16,43,1280,551.118957184
1,44,1088,959.397861952
2,44,2368,705.186418624
3,44,2240,657.707446592
4,44,3264,260.179230912
5,44,1088,452.559996672
6,44,2944,402.203321472
7,44,2240,520.836993344
8,44,2624,527.522920256
9,44,1088,347.160387136
10,44,2752,656.578055552
11,44,3264,601.110662784
12,44,4160,1095.597575488
13,44,1408,544.445571392
14,44,2368,382.824686592
15,44,1280,1139.405135936
16,44,3200,935.643771968
1,45,2560,190.12414688
2,45,3200,384.595508544
3,45,3136,598.855841536
4,45,1664,397.380800064
5,45,2560,491.37261376
6,45,2240,488.647323136
7,45,832,224.216076416
8,45,1344,364.201023488
9,45,1664,453.884849152
10,45,1600,674.189726336
11,45,1600,401.396220288
12,45,1216,831.586761088
13,45,640,183.27769632
14,45,2112,159.143178368
15,45,2240,547.173192896
16,45,448,680.980282112
1,46,1472,705.517706944
2,46,704,467.115132928
3,46,1088,432.254205824
4,46,1152,326.12372032
5,46,256,171.715001472
6,46,960,567.667211328
7,46,704,321.711172352
8,46,1664,379.150815744
9,46,1152,283.6705056
10,46,576,587.783734528
11,46,1088,247.411182784
12,46,1792,360.445369472
13,46,640,481.252611712
14,46,1280,384.281776192
15,46,832,246.042611584
16,46,1536,506.414173312
1,47,1664,379.169887168
2,47,1664,354.099229376
3,47,1024,356.206608576
4,47,1600,183.122311552
5,47,1664,364.903043328
6,47,1152,336.525018432
7,47,1664,512.173739392
8,47,2112,368.31602368
9,47,2176,426.079141888
10,47,1280,361.856795328
11,47,1472,277.25298272
12,47,1088,250.346280128
13,47,768,295.693764288
14,47,1664,370.138437696
15,47,1408,523.843263616
16,47,896,308.758930304
1,48,1152,76.552865408
2,48,1728,516.694887168
3,48,1792,264.995049472
4,48,3328,259.693432448
5,48,1472,418.305951296
6,48,1408,388.6513024
7,48,960,420.83546624
8,48,2176,387.298993792
9,48,1280,581.898224064
10,48,1792,561.796453312
11,48,1600,278.225775552
12,48,1344,361.659365632
13,48,1344,340.652543296
14,48,1408,434.635182464
15,48,1152,215.751744384
16,48,2560,296.4009536
1,49,3520,456.593143616
2,49,3008,339.162890112
3,49,5952,126.108260288
4,49,6464,126.556561984
5,49,1728,370.096502784
6,49,3264,289.022535872
7,49,2304,462.753036096
8,49,4864,313.35421856
9,49,2816,485.18632768
10,49,2880,254.568947712
11,49,2496,260.570012544
12,49,2304,409.941815808
13,49,2304,652.618179136
14,49,2112,261.823693696
15,49,2176,388.029592448
16,49,2944,385.466151104
1,50,9600,206.676194304
2,50,9344,102.02621312
3,50,8768,178.720690304
4,50,9984,93.921955136
5,50,12288,47.875379584
6,50,11200,120.498666624
7,50,12352,144.727739648
8,50,9856,184.629559488
9,50,1280,261.312212992
10,50,11840,60.726036224
11,50,7936,161.603662272
12,50,6976,88.987437312
13,50,2496,252.545342528
14,50,7488,400.973139968
15,50,8960,69.086420544
16,50,10752,42.41839072
1,51,8704,27.476285248
2,51,6336,32.567294336
3,51,6720,32.901810048
4,51,6208,47.718709504
5,51,11200,115.8887504
6,51,5056,108.931373888
7,51,7872,82.394714624
8,51,7552,113.074007936
9,51,9472,207.814567424
10,51,6336,78.08416032
11,51,7808,81.373209664
12,51,4544,95.216630848
13,51,12224,118.05838688
14,51,10688,209.212352256
15,51,9216,84.658825408
16,51,5760,138.961213888
1,52,9792,57.672548416
2,52,3968,192.358924992
3,52,2880,253.251590464
4,52,2624,407.406546432
5,52,6464,41.561761856
6,52,4096,45.90378688
7,52,2624,30.816117952
8,52,3456,98.042289664
9,52,5568,143.62590944
10,52,5952,102.52534112
11,52,4736,102.928871424
12,52,1984,73.95171712
13,52,10368,152.95749728
14,52,5376,163.979911552
15,52,1792,205.018107904
16,52,2240,283.32766752
1,53,2560,263.309084096
2,53,1728,383.815579712
3,53,1856,268.447768192
4,53,1856,369.562701184
5,53,1600,221.869636992
6,53,1600,258.29265248
7,53,1472,565.216373504
8,53,2304,348.327103616
9,53,832,122.736629888
10,53,1152,181.94730624
11,53,1728,387.169550528
12,53,2112,120.625705984
13,53,256,68.360482496
14,53,1408,316.91137632
15,53,4928,118.990769344
16,53,2752,384.35305728
1,54,1728,264.819690112
2,54,1472,290.4723168
3,54,1152,421.001427968
4,54,1088,549.062349504
5,54,1536,350.585897344
6,54,2624,520.120990784
7,54,1600,316.003038976
8,54,3136,382.804088704
9,54,1408,225.916269568
10,54,896,233.461071552
11,54,1728,387.008885248
12,54,1856,360.762846912
13,54,576,227.96456128
14,54,1408,171.720492608
15,54,2112,553.832480768
16,54,3456,252.39825568
1,55,2368,391.26183936
2,55,1216,435.674480832
3,55,1792,186.152709056
4,55,1536,373.1692944
5,55,1792,453.653117568
6,55,2176,423.635034368
7,55,1664,438.990582592
8,55,1792,277.559396928
9,55,1920,265.189037056
10,55,1728,565.385785024
11,55,1088,531.65873088
12,55,1408,761.685973504
13,55,2048,347.223475904
14,55,832,392.84294912
15,55,1152,381.598648192
16,55,2112,624.627440768
1,56,2560,322.149692096
2,56,1984,325.698392576
3,56,2688,323.586662592
4,56,2560,304.06190304
5,56,2240,381.006085056
6,56,1664,162.287246976
7,56,1216,522.254763328
8,56,2048,344.48368256
9,56,1664,385.316432384
10,56,2816,292.279848
11,56,1408,254.60832352
12,56,1600,289.045143744
13,56,4096,173.020338496
14,56,2112,296.054752704
15,56,1856,453.11905664
16,56,2560,351.092479104
1,57,5824,103.421535104
2,57,1280,458.858878016
3,57,1024,512.137290048
4,57,512,379.622622528
5,57,3840,253.66637344
6,57,1216,524.547313664
7,57,768,383.78789312
8,57,960,327.450548288
9,57,1280,575.716151424
10,57,1664,544.871567424
11,57,1472,526.238092224
12,57,832,399.231838272
13,57,1216,406.857085568
14,57,960,583.528441536
15,57,832,451.771212416
16,57,704,548.817931712
1,58,1728,1000.21781824
2,58,2752,333.416683008
3,58,3264,498.091827136
4,58,4992,496.509807488
5,58,2240,148.170566016
6,58,2752,199.42582272
7,58,1664,377.599993472
8,58,3072,181.087690304
9,58,3520,454.215787712
10,58,3136,248.596270912
11,58,3904,361.257809472
12,58,2560,279.334268352
13,58,1408,275.947771584
14,58,1792,455.740424512
15,58,2112,443.20736352
16,58,1664,503.34184928
1,59,1024,425.989396672
2,59,1920,697.092402368
3,59,1984,617.24955648
4,59,2752,454.349700928
5,59,2048,586.229471296
6,59,1216,404.713097728
7,59,1344,552.945767744
8,59,768,432.29026048
9,59,896,537.718887424
10,59,896,600.842387776
11,59,896,500.921866944
12,59,832,573.52189696
13,59,1152,527.394221568
14,59,960,165.596514624
15,59,1728,413.851801728
16,59,1600,245.469465664
1,60,1088,396.332588352
2,60,1984,506.767700992
3,60,896,377.585611712
4,60,1536,500.931329728
5,60,832,165.2378336
6,60,1280,443.337016064
7,60,1088,547.724422272
8,60,1920,452.837153984
9,60,896,225.902743296
10,60,832,342.421916352
11,60,1344,521.202553856
12,60,1600,466.536245632
13,60,2752,720.385597312
14,60,2048,447.043375744
15,60,1216,301.90094016
16,60,1728,537.372736768
1,61,1600,458.639286144
2,61,1920,450.588732864
3,61,1408,268.079731008
4,61,1728,309.11675456
5,61,1344,280.755754944
6,61,1600,389.343120448
7,61,1920,339.526428608
8,61,2048,245.32826016
9,61,960,296.838273664
10,61,1600,306.618967872
11,61,2048,373.562522112
12,61,1280,298.517180288
13,61,1536,349.08424736
14,61,1152,315.764404928
15,61,1280,470.487615808
16,61,1024,294.28905504
1,62,2240,314.5217696
2,62,2048,426.876419584
3,62,1664,475.9353664
4,62,1792,425.058530752
5,62,1536,403.575268288
6,62,1536,298.2693264
7,62,2176,469.340504256
8,62,2240,507.349069888
9,62,1152,321.670994624
10,62,960,415.069885248
11,62,2432,410.43026208
12,62,1856,346.181186496
13,62,896,323.6074368
14,62,960,325.419204352
15,62,1152,271.571273024
16,62,1152,236.925629376
1,63,1920,389.06137024
2,63,2240,407.4651392
3,63,1728,392.676925632
4,63,2432,437.903868096
5,63,2112,330.783917248
6,63,1728,298.227494464
7,63,1984,380.025682816
8,63,2240,554.683952896
9,63,1152,146.226655296
10,63,1088,358.33079296
11,63,2368,401.27350848
12,63,2048,454.02391168
13,63,1152,601.152003392
14,63,1088,360.720247296
15,63,1472,362.402354368
16,63,1600,227.28060896
1,64,2176,377.031159296
2,64,3264,283.759024
3,64,12224,76.866412224
4,64,21376,75.806290432
5,64,2048,166.791857344
6,64,2752,306.863996864
7,64,1984,195.150405056
8,64,13632,158.671145088
9,64,2368,358.33770976
10,64,1920,371.105837056
11,64,1920,365.696601472
12,64,4288,141.71258016
13,64,1344,445.599257088
14,64,2048,474.26852224
15,64,2368,461.631505792
16,64,2752,492.790857472
1,65,13504,211.062397568
2,65,12480,193.07996064
3,65,9728,116.650918208
4,65,8192,136.401220096
5,65,18560,152.801579712
6,65,11136,80.677706688
7,65,12096,81.69695808
8,65,10560,93.878126528
9,65,11648,228.434699904
10,65,12672,216.416613184
11,65,10240,174.825699968
12,65,6016,118.679500416
13,65,3136,309.022210304
14,65,5120,179.046265152
15,65,5696,111.459337344
16,65,4160,188.946014912
1,66,14528,122.983521216
2,66,5696,217.468681152
3,66,5312,129.203328512
4,66,1344,191.06904512
5,66,10560,122.607425024
6,66,8576,259.122886272
7,66,5952,160.837715008
8,66,3392,136.151073856
9,66,6144,109.279534912
10,66,7936,62.00624608
11,66,8896,150.983158656
12,66,1280,104.68304096
13,66,2816,73.381440064
14,66,4608,99.768804096
15,66,1792,51.320584896
16,66,1280,136.085022464
1,67,960,43.780472768
2,67,576,5.972077696
3,67,7296,307.146667904
4,67,1216,74.303253696
5,67,4096,135.83857632
6,67,2304,98.450654592
7,67,4544,113.004204544
8,67,1280,234.655807104
9,67,2496,148.364448896
10,67,1472,211.288947328
11,67,2112,90.102484096
12,67,1856,402.108331712
13,67,1152,148.595206848
14,67,1344,222.58885632
15,67,1536,213.70416448
16,67,2304,388.510012544
1,68,1216,239.425581696
2,68,1856,460.793227456
3,68,1664,173.117604672
4,68,7488,122.799513856
5,68,1216,202.109427328
6,68,1536,196.536077888
7,68,960,427.361916352
8,68,1216,226.544831168
9,68,704,248.273322432
10,68,1280,664.845932416
11,68,1088,368.577817216
12,68,1600,588.668962304
13,68,960,588.48072992
14,68,640,685.450118272
15,68,1216,362.178674432
16,68,1024,316.880989056
1,69,2304,249.07312768
2,69,2368,176.671974656
3,69,1344,275.3390704
4,69,1152,262.020546496
5,69,1216,393.1655552
6,69,2368,506.056949888
7,69,1792,153.748820608
8,69,2240,309.033144384
9,69,1472,235.012887168
10,69,1664,383.003170688
11,69,2624,418.596848832
12,69,2624,298.908624448
13,69,1600,459.17065312
14,69,1664,608.924662336
15,69,1472,352.575446528
16,69,1088,268.501378624
1,70,2304,867.56198048
2,70,1152,472.38121856
3,70,2496,314.42022272
4,70,1472,318.425167488
5,70,2112,232.519010112
6,70,1088,302.9777056
7,70,960,562.857125632
8,70,1344,355.908789824
9,70,1280,420.107555392
10,70,1280,470.486556608
11,70,1280,486.64043616
12,70,1920,282.736601856
13,70,1536,372.839804224
14,70,1472,504.692002304
15,70,1344,325.781697536
16,70,1344,341.250799872
1,71,2112,343.583054848
2,71,1664,733.129934528
3,71,832,549.836364032
4,71,960,568.668242048
5,71,2048,506.11823904
6,71,1536,576.546186176
7,71,896,190.871356224
8,71,1088,552.1033152
9,71,1216,402.379308736
10,71,704,710.843241856
11,71,1216,476.718825856
12,71,1216,346.030593984
13,71,1216,290.399549504
14,71,576,653.79536704
15,71,1024,349.971298688
16,71,448,182.143832064
1,72,960,491.9650128
2,72,1472,244.701662208
3,72,2048,266.141336576
4,72,1600,275.236649024
5,72,1280,767.68317376
6,72,960,956.563020736
7,72,2240,404.196875008
8,72,2240,387.009474368
9,72,1536,341.160164288
10,72,960,538.592833216
11,72,3328,182.705715648
12,72,3392,378.070219584
13,72,1536,607.189239488
14,72,1728,486.797107584
15,72,1152,684.007400704
16,72,1152,495.31335712
1,73,1664,439.729184448
2,73,2624,326.163332096
3,73,2688,508.025516288
4,73,1920,525.831099712
5,73,2112,436.7670896
6,73,3584,260.79360768
7,73,2688,408.797870848
8,73,1600,526.236862592
9,73,1024,310.65275136
10,73,3584,408.13469024
11,73,3200,422.721603008
12,73,2944,400.52181984
13,73,2688,535.001685824
14,73,2880,244.694689728
15,73,2112,406.636468224
16,73,2304,482.824476352
1,74,2624,386.71342464
2,74,2240,356.687689664
3,74,1792,307.347739072
4,74,1280,295.49409408
5,74,1664,407.265088768
6,74,1408,422.954478208
7,74,1280,468.417340672
8,74,1408,260.520581248
9,74,1024,448.395261376
10,74,1536,469.298472192
11,74,1664,438.831576256
12,74,1152,448.020955456
13,74,1408,427.700408256
14,74,1408,268.392025152
15,74,1280,505.322246144
16,74,1536,172.265650752
1,75,1344,373.206492672
2,75,1536,437.850913792
3,75,832,186.524194112
4,75,1600,295.868287168
5,75,1536,271.885626112
6,75,1792,303.1339456
7,75,1152,371.902417984
8,75,1856,423.623197696
9,75,1728,445.975075392
10,75,1344,392.76586848
11,75,1408,269.659914304
12,75,2048,391.689946048
13,75,1216,457.004832128
14,75,1408,292.002655552
15,75,1920,420.945270336
16,75,1216,428.53856928
1,76,1216,243.110890496
2,76,1408,352.515538816
3,76,832,251.974988416
4,76,1344,344.975758912
5,76,1344,382.692452096
6,76,1216,437.83145792
7,76,1408,520.58497056
8,76,1024,269.844613568
9,76,1408,317.882558336
10,76,1024,360.21666144
11,76,1856,317.70699136
12,76,1920,424.973819648
13,76,1088,283.570710272
14,76,1984,483.950096832
15,76,1536,483.257837056
16,76,1280,329.21239648
1,77,1152,276.352260736
2,77,1216,443.82938688
3,77,1280,320.318806272
4,77,1088,494.867322496
5,77,1280,250.20538592
6,77,1024,280.5585184
7,77,1216,360.464178432
8,77,1280,211.100909184
9,77,1216,462.036662528
10,77,1600,652.272370496
11,77,1344,460.163529088
12,77,1152,357.186334464
13,77,1472,406.037283008
14,77,1280,203.236970368
15,77,1024,326.892596544
16,77,896,147.82707232
1,78,768,82.806464384
2,78,1344,405.215383488
3,78,1984,538.616439424
4,78,2048,421.492897344
5,78,1728,560.593957888
6,78,1408,313.74258112
7,78,1664,364.080765184
8,78,1664,250.197615232
9,78,1408,246.283353664
10,78,896,283.186236288
11,78,1152,462.044886272
12,78,1408,532.1943184
13,78,1664,354.85626304
14,78,1152,274.166896512
15,78,1472,292.41610656
16,78,1600,318.406326912
1,79,1664,334.497573888
2,79,1600,275.827072768
3,79,1600,589.86933184
4,79,2752,207.513234944
5,79,1216,245.449488704
6,79,1856,285.948002112
7,79,1472,497.00175232
8,79,2240,355.455694784
9,79,1344,728.36548576
10,79,1408,529.938132608
11,79,1408,355.6692928
12,79,1920,216.173325248
13,79,1280,477.08809376
14,79,1280,391.61886272
15,79,1664,463.399855168
16,79,2048,142.164303936
1,80,2560,350.331477632
2,80,1664,274.253135744
3,80,5312,110.30937024
4,80,2112,225.739743872
5,80,1600,163.441695872
6,80,3712,137.670947136
7,80,1728,56.803281536
8,80,1216,251.093398464
9,80,1152,118.167091072
10,80,960,255.394789888
11,80,832,186.81624192
12,80,896,211.733225856
13,80,1792,294.04114784
14,80,1472,440.797955968
15,80,1088,372.214189312
16,80,2048,322.82583168
1,81,1856,565.359653504
2,81,704,581.663229952
3,81,832,472.564938304
4,81,1408,720.75442304
5,81,960,129.157020992
6,81,1024,732.914882368
7,81,832,551.789550464
8,81,1280,504.102197632
9,81,1280,535.260746432
10,81,1216,294.567388032
11,81,1024,389.741880704
12,81,640,495.048819776
13,81,960,649.9082336
14,81,1536,356.228224832
15,81,1024,647.863279744
16,81,512,256.335744768
1,82,960,362.93879968
2,82,704,391.213824192
3,82,960,388.737448768
4,82,1920,580.826793344
5,82,960,667.95914656
6,82,896,438.767416
7,82,1536,391.70960288
8,82,1664,520.132418496
9,82,1344,475.247551104
10,82,960,575.763535232
11,82,1088,320.449909248
12,82,2176,406.404670272
13,82,1216,539.825634752
14,82,1280,529.585971968
15,82,1472,186.386571456
16,82,3392,682.443252672
1,83,2368,491.649269632
2,83,1856,125.551070784
3,83,1216,328.165842112
4,83,1536,756.583704512
5,83,2112,292.702211712
6,83,2496,561.340156416
7,83,1536,492.793029888
8,83,1280,370.375667584
9,83,1920,501.056046592
10,83,1728,468.896532864
11,83,2752,314.759364928
12,83,1600,231.59556512
13,83,2304,416.419378368
14,83,3968,214.500378304
15,83,4352,553.196421632
16,83,3008,508.341323456
1,84,1600,900.938336
2,84,1472,571.415708672
3,84,1664,349.613816256
4,84,2880,888.646462208
5,84,1024,31.946277504
6,84,1408,140.395882112
7,84,2112,491.263100928
8,84,2176,149.5607392
9,84,1472,390.405336832
10,84,1408,168.864184832
11,84,1792,254.652859136
12,84,2368,413.261115968
13,84,2112,122.85310912
14,84,1600,1120.499232128
15,84,1536,140.52691008
16,84,2304,192.499646336
1,85,1152,562.822086656
2,85,1088,480.643424832
3,85,3008,416.124581056
4,85,1088,449.321131648
5,85,832,382.109811648
6,85,1024,515.833037632
7,85,4224,332.948165888
8,85,2880,428.680960384
9,85,640,802.661742528
10,85,256,302.611553792
11,85,1600,399.627545856
12,85,2240,43.005310784
13,85,1088,549.3587584
14,85,832,522.45069568
15,85,1280,444.457222016
16,85,1408,318.540062208
1,86,640,313.45709088
2,86,1280,410.086039936
3,86,1088,629.058354624
4,86,768,615.82630624
5,86,1024,530.473444992
6,86,1152,474.31245056
7,86,1344,432.458551104
8,86,576,353.705128
9,86,1792,481.626214784
10,86,832,582.403426304
11,86,768,435.900578752
12,86,640,439.012103936
13,86,2240,319.012816576
14,86,960,487.920827584
15,86,1088,508.259665408
16,86,704,393.862130304
1,87,1472,615.598412736
2,87,1216,459.035641536
3,87,1024,477.347967296
4,87,1280,234.809420928
5,87,832,241.483079744
6,87,1472,744.252188096
7,87,1344,449.024220736
8,87,1216,430.592327168
9,87,960,587.560618496
10,87,1472,622.829522112
11,87,1216,386.275937728
12,87,1216,300.386145792
13,87,832,571.992018304
14,87,1088,232.526139264
15,87,1472,337.72055904
16,87,1344,494.117281152
1,88,896,289.478148992
2,88,1280,638.650990656
3,88,1472,338.298185408
4,88,1280,497.786053312
5,88,1280,370.978997568
6,88,1728,394.712448064
7,88,1408,659.880009408
8,88,896,425.228742976
9,88,1536,436.777374656
10,88,1600,511.612976128
11,88,1920,418.871399424
12,88,1408,374.117714624
13,88,1088,356.000955776
14,88,576,549.483633728
15,88,1728,565.108946176
16,88,1536,395.19244704
1,89,1408,303.609380224
2,89,1664,416.916200768
3,89,1344,394.195704768
4,89,1536,305.372727744
5,89,1152,581.763584064
6,89,2240,404.129265792
7,89,1152,312.887239552
8,89,1344,267.482947392
9,89,1472,393.533150208
10,89,1728,440.45560672
11,89,1344,296.282407872
12,89,1792,352.99307808
13,89,1536,377.933978688
14,89,2432,418.175934016
15,89,1408,364.302646976
16,89,1664,304.819183488
1,90,1152,326.7603472
2,90,1344,274.298811904
3,90,1088,133.909292352
4,90,1728,258.859165248
5,90,1984,334.395922048
6,90,1856,237.782690496
7,90,1728,529.304922944
8,90,1536,260.176748544
9,90,1664,253.868316992
10,90,1216,350.400336832
11,90,1472,273.57818144
12,90,1152,369.823835008
13,90,2176,527.881960512
14,90,1856,177.814009216
15,90,1728,280.85702112
16,90,1664,411.015779904
1,91,1216,380.890900544
2,91,1472,289.259230016
3,91,1472,523.910662272
4,91,1088,354.67843712
5,91,1088,294.932236864
6,91,1280,449.952504
7,91,1280,241.795689024
8,91,1344,327.977121152
9,91,1472,260.46016192
10,91,1216,446.235105024
11,91,1408,317.862966528
12,91,1088,340.057689984
13,91,1408,419.354241728
14,91,1216,333.19039296
15,91,1216,433.858776896
16,91,1088,437.79583264
1,92,1088,315.637102976
2,92,1152,310.171511424
3,92,1280,324.268586304
4,92,1536,385.284300928
5,92,1472,352.25549856
6,92,1088,710.235233152
7,92,1536,393.734273664
8,92,1728,290.706983296
9,92,1152,536.56519712
10,92,896,348.171565056
11,92,1664,401.004867456
12,92,1472,393.271151488
13,92,1472,358.443234624
14,92,1408,381.098141632
15,92,1344,333.828646016
16,92,1344,282.190012864
1,93,1600,574.944448576
2,93,832,240.065624576
3,93,1472,374.027936704
4,93,1536,351.150462784
5,93,1472,448.136852544
6,93,1344,390.22894368
7,93,896,372.509766976
8,93,1088,190.1680704
9,93,1408,470.059114816
10,93,1536,501.114279296
11,93,1088,185.644799168
12,93,1408,261.587444928
13,93,1728,504.136942144
14,93,1216,501.811581248
15,93,1856,279.156110976
16,93,1920,247.140942464
1,94,1536,157.937171456
2,94,1344,267.087588416
3,94,1984,636.476704896
4,94,2304,241.118574272
5,94,832,504.472317824
6,94,1856,612.238929408
7,94,1280,358.7228016
8,94,1792,285.750284736
9,94,1216,465.701271104
10,94,1600,620.898228672
11,94,1280,265.2849792
12,94,1088,478.57702336
13,94,1664,679.491129088
14,94,1536,644.54722528
15,94,1856,218.31922816
16,94,2368,405.596963008
1,95,768,312.882692544
2,95,1024,235.703739776
3,95,896,340.016979584
4,95,896,829.234918848
5,95,1536,489.047919616
6,95,1856,332.114587136
7,95,1472,450.673001152
8,95,1344,448.417020288
9,95,832,489.914179456
10,95,1088,482.0045392
11,95,3584,277.745439488
12,95,4544,493.694663488
13,95,1792,387.660115648
14,95,2112,386.749386688
15,95,2688,222.288912576
16,95,3648,484.095392384
1,96,1024,519.638916544
2,96,3968,470.410511168
3,96,3072,372.295734016
4,96,3456,396.57380928
5,96,2432,444.003629952
6,96,4288,513.935266112
7,96,3072,447.424131136
8,96,2496,312.884890368
9,96,5248,561.737715968
10,96,2624,490.509629504
11,96,2688,470.459154432
12,96,2880,550.952129856
13,96,2560,408.888946496
14,96,3136,589.832405888
15,96,2560,451.326813888
16,96,2496,504.919062656
1,97,3072,453.959853888
2,97,1728,417.740104512
3,97,4608,272.148528
4,97,3392,466.17554848
5,97,3520,427.22546464
6,97,2880,234.28960416
7,97,3008,501.306048896
8,97,4160,436.215783744
9,97,1856,449.936533632
10,97,2240,445.544440192
11,97,2560,375.791322496
12,97,3776,401.07819808
13,97,2368,258.062374144
14,97,3008,467.788449152
15,97,1408,277.052224448
16,97,2880,588.0122016
1,98,2688,893.160789376
2,98,1024,257.847799872
3,98,1792,115.568629248
4,98,1792,205.709628672
5,98,2112,75.941713152
6,98,1856,338.205751104
7,98,1728,154.641247488
8,98,1600,177.119419904
9,98,3584,696.19631744
10,98,1792,163.610402688
11,98,1408,389.326168576
12,98,1088,821.265679424
13,98,4096,389.17369408
14,98,2112,327.896004864
15,98,1152,76.761275264
16,98,2240,354.87836864
1,99,640,479.714014912
2,99,640,496.236963328
3,99,1024,374.864672064
4,99,1088,342.957896
5,99,704,428.585723072
6,99,640,345.791841088
7,99,512,369.828481856
8,99,896,453.730461696
9,99,1088,379.94756512
10,99,1472,460.768871552
11,99,960,446.121617792
12,99,1280,375.188142464
13,99,1280,541.378357056
14,99,832,459.447806144
15,99,1280,245.088271488
16,99,704,374.407005248
1,100,2560,366.810096832
2,100,960,359.130033472
3,100,704,525.781676096
4,100,832,360.301010752
5,100,1664,507.433074688
6,100,1536,360.827131264
7,100,832,420.933052928
8,100,448,361.260033664
9,100,1024,455.96534304
10,100,960,352.800985152
11,100,2880,446.029697664
12,100,2944,387.2086928
13,100,896,597.951027648
14,100,1792,493.716021824
15,100,1792,378.10746912
16,100,2240,298.85903328
1,101,1088,523.005155712
2,101,3136,550.582596608
3,101,2944,550.98116608
4,101,896,167.151200832
5,101,768,377.252643328
6,101,2304,615.648751104
7,101,3712,264.062632256
8,101,1728,381.143172544
9,101,2048,632.878189888
10,101,3264,326.388585344
11,101,1792,196.21495968
12,101,1344,581.769889792
13,101,4736,371.299787136
14,101,4352,298.913528384
15,101,2560,334.14134688
16,101,1408,298.795511936
1,102,1728,283.654921088
2,102,1664,438.915388288
3,102,1216,279.977684096
4,102,1408,583.406053248
5,102,704,254.657797504
6,102,1024,414.501773376
7,102,960,539.371064256
8,102,768,344.430096448
9,102,1280,567.892765056
10,102,1472,598.971364864
11,102,1728,294.03705568
12,102,2240,346.45448672
13,102,1088,547.288001728
14,102,1664,204.849030848
15,102,2688,458.854458816
16,102,2624,545.9605872
1,103,832,248.678136768
2,103,2240,439.683043072
3,103,1600,303.856678528
4,103,1472,355.986932032
5,103,1984,448.760525568
6,103,1472,293.652527232
7,103,1152,356.387216896
8,103,2240,276.85756192
9,103,1792,396.055354112
10,103,1024,295.823503104
11,103,1792,407.449017984
12,103,1728,288.159347584
13,103,2112,689.461168448
14,103,1472,292.059447936
15,103,1920,291.788132672
16,103,1984,400.60522336
1,104,1536,265.473263232
2,104,1472,346.444124672
3,104,1984,342.267600896
4,104,1472,315.111789376
5,104,1792,210.412331264
6,104,2048,221.426076224
7,104,2752,338.150785536
8,104,1536,248.517572864
9,104,2368,334.318080832
10,104,3072,178.198751552
11,104,2560,257.510392384
12,104,2368,259.440463232
13,104,2496,308.452645504
14,104,4096,260.232470336
15,104,3200,154.685184
16,104,3712,230.856926976
1,105,1792,224.999145088
2,105,1216,414.603672256
3,105,1472,484.022154688
4,105,1408,239.963366144
5,105,1344,421.817607168
6,105,1152,138.760975744
7,105,1600,369.202848
8,105,1792,187.89624128
9,105,2496,248.402696
10,105,3136,358.33506048
11,105,2688,106.110242368
12,105,1792,319.95288864
13,105,3392,343.497489792
14,105,2944,247.458746624
15,105,2496,160.540165248
16,105,2816,389.942383488
1,106,1280,317.47132
2,106,1280,596.072768384
3,106,1408,486.490723008
4,106,1088,521.747937216
5,106,1216,459.620349824
6,106,1344,333.622732352
7,106,1792,491.119208192
8,106,1088,349.721290432
9,106,1216,281.896808576
10,106,1344,249.307567872
11,106,1280,463.475043968
12,106,1472,307.568833792
13,106,2240,534.583691136
14,106,1024,290.218458688
15,106,1216,332.664597568
16,106,1088,422.600687168
1,107,1472,613.553345536
2,107,1216,288.66824864
3,107,1408,212.214654528
4,107,1664,449.277872768
5,107,896,496.76309184
6,107,1408,286.547227072
7,107,1280,388.932023808
8,107,1536,462.9623392
9,107,1472,454.889529152
10,107,1600,333.21802432
11,107,1280,413.75019232
12,107,1344,280.047911296
13,107,1600,418.058540352
14,107,1216,439.414741568
15,107,1280,207.00988896
16,107,1472,505.980567616
1,108,1728,395.493933824
2,108,2304,277.6601248
3,108,2048,393.129567424
4,108,1856,492.829548096
5,108,1920,474.888502272
6,108,1536,324.543299072
7,108,1664,182.120301696
8,108,1536,179.177589248
9,108,2240,199.6482528
10,108,1536,118.410889088
11,108,1600,294.965302592
12,108,1856,670.250196544
13,108,1344,813.600876096
14,108,1152,394.347727232
15,108,1600,274.65677824
16,108,2240,348.724578752
1,109,2240,464.075390016
2,109,1792,382.058069056
3,109,2624,543.278439168
4,109,2112,345.515740928
5,109,1600,204.548366656
6,109,1600,246.034142016
7,109,1536,383.471070336
8,109,1728,360.852250688
9,109,1792,248.339130112
10,109,1856,456.22015072
11,109,1216,386.624416064
12,109,1728,194.411204096
13,109,2112,461.440460096
14,109,1408,294.7030032
15,109,1472,211.46829248
16,109,2240,343.696060096
1,110,1600,480.042056448
2,110,2112,306.806337408
3,110,2688,544.458593408
4,110,1536,410.557999872
5,110,2112,247.380515904
6,110,2688,272.217455552
7,110,2816,497.765674048
8,110,2240,452.836377216
9,110,2496,131.522296384
10,110,2368,429.734364416
11,110,3072,498.721409664
12,110,1152,320.617007168
13,110,1984,472.945353344
14,110,3200,308.145807552
15,110,1088,563.838370368
16,110,2304,452.210348096
1,111,1856,373.186157248
2,111,1728,11.05313792
3,111,1920,784.998769536
4,111,2944,272.12028128
5,111,1024,244.628212864
6,111,2560,435.218611584
7,111,1856,223.77074048
8,111,2368,257.954883584
9,111,1984,314.76042368
10,111,1600,234.761059968
11,111,1536,213.538426496
12,111,3200,435.514835776
13,111,2048,480.976364352
14,111,1472,282.074164672
15,111,2048,995.699909248
16,111,1920,542.564668928
1,112,1472,445.595063232
2,112,2624,712.26659584
3,112,2432,190.470774016
4,112,1600,496.45454272
5,112,2176,338.541606208
6,112,1792,225.113081024
7,112,2240,773.059248768
8,112,1344,285.529620672
9,112,1408,528.59880576
10,112,2560,699.709011904
11,112,1600,174.648734656
12,112,1600,371.250931264
13,112,2112,416.531852096
14,112,1472,160.214230208
15,112,1152,225.477058496
16,112,960,247.188881664
1,113,960,372.82657696
2,113,1024,450.008943168
3,113,896,478.828121856
4,113,1792,391.1179968
5,113,2048,347.40461184
6,113,1024,601.668639808
7,113,1280,463.460371712
8,113,1600,478.52259008
9,113,2624,218.648043968
10,113,3264,267.382627584
11,113,1984,397.325145216
12,113,5376,537.71886656
13,113,3008,232.81635008
14,113,1984,338.137840128
15,113,3392,477.168064768
16,113,5952,325.200052096
1,114,1472,524.212262336
2,114,2176,300.913372096
3,114,4352,268.3670208
4,114,3264,230.613950208
5,114,2048,254.067941248
6,114,4096,358.175730048
7,114,2496,567.009280512
8,114,2944,262.242944704
9,114,8064,126.24181632
10,114,5184,470.160833024
11,114,3264,491.377496384
12,114,1344,531.691628672
13,114,4032,214.818569984
14,114,3008,345.355221504
15,114,1024,524.947362688
16,114,3328,535.831630656
1,115,3968,445.982515584
2,115,4160,471.180844864
3,115,2560,484.901649792
4,115,1920,504.632491264
5,115,2880,414.787038464
6,115,4032,255.750587136
7,115,1728,166.198017728
8,115,1856,469.271354112
9,115,2048,388.176361152
10,115,3392,509.867719488
11,115,1152,279.619745856
12,115,2240,267.053076864
13,115,2944,261.41776256
14,115,1600,664.735257152
15,115,1600,347.02656416
16,115,1664,249.481102208
1,116,1728,337.432333888
2,116,1984,340.176529216
3,116,1920,410.245091264
4,116,2624,502.096825664
5,116,2240,328.067968896
6,116,1920,212.749538176
7,116,4160,384.559223232
8,116,3264,460.030292672
9,116,2176,235.279343232
10,116,3264,365.83385632
11,116,3712,599.22036544
12,116,2112,438.899300736
13,116,2944,420.14472416
14,116,2880,467.805478592
15,116,3584,545.519908608
16,116,3264,540.547061312
1,117,1856,407.303821056
2,117,1600,447.786659712
3,117,1792,404.3240592
4,117,1792,240.36943968
5,117,2560,516.728337408
6,117,2240,486.586737216
7,117,1216,118.498999104
8,117,1600,407.129338816
9,117,1920,498.674360192
10,117,2112,415.700257472
11,117,1536,426.610832896
12,117,1280,570.452983744
13,117,2176,401.139357888
14,117,2048,546.209034752
15,117,1344,314.40138048
16,117,1472,387.890203584
1,118,1344,274.822280192
2,118,2368,236.705403968
3,118,2752,324.371082752
4,118,3520,127.661824576
5,118,1344,446.243574016
6,118,1984,220.051413824
7,118,2432,280.161679552
8,118,3072,527.129323648
9,118,1408,414.945977984
10,118,1536,384.665208448
11,118,1408,421.68013024
12,118,2880,196.671298752
13,118,960,349.30213568
14,118,1536,370.4214592
15,118,1984,566.303555008
16,118,3072,65.40545312
1,119,2880,87.857345536
2,119,2432,178.98659424
3,119,2304,379.033609728
4,119,2240,135.264645696
5,119,2944,158.761330496
6,119,2816,192.298801216
7,119,3648,401.04715264
8,119,1856,141.653955776
9,119,2944,220.903166848
10,119,2112,159.106646144
11,119,1792,349.894512576
12,119,1984,261.948933952
13,119,3392,95.355938688
14,119,3776,118.098160128
15,119,2752,89.509299456
16,119,2752,76.646758208
1,120,1792,472.51378272
2,120,1344,366.59129568
3,120,1728,494.097372864
4,120,1536,309.529937152
5,120,1280,502.956830976
6,120,1536,496.844041344
7,120,1088,410.711369536
8,120,1216,449.421765824
9,120,1600,346.87846208
10,120,832,275.588784
11,120,1280,471.876991232
12,120,1024,460.593950528
13,120,1792,487.537065472
14,120,1152,404.305957184
15,120,1344,349.612051648
16,120,2112,425.163489344
1,121,1664,798.600656192
2,121,1216,207.07162144
3,121,1536,762.995140544
4,121,1728,367.443031424
5,121,1216,520.190038016
6,121,1280,269.950873536
7,121,1280,354.167845504
8,121,1088,168.05572288
9,121,1280,332.802684096
10,121,1472,314.880760512
11,121,1280,419.320160448
12,121,1408,481.36675584
13,121,1472,423.035624768
14,121,1216,542.303064576
15,121,1664,500.145145536
16,121,1536,416.158364096
1,122,1536,150.42661312
2,122,768,215.25100768
3,122,1856,644.1248096
4,122,1600,240.211220864
5,122,2176,404.485988032
6,122,2304,234.784046784
7,122,1728,206.933552704
8,122,1536,260.938735168
9,122,2048,241.400462528
10,122,2368,398.428299328
11,122,3392,441.425476928
12,122,1792,307.79707648
13,122,640,167.63947936
14,122,1792,669.453619008
15,122,2496,346.04487424
16,122,2432,402.156815552
1,123,1664,263.6134944
2,123,2496,326.689906368
3,123,1920,528.668621888
4,123,1408,318.292450496
5,123,2112,263.541781504
6,123,2816,397.49154016
7,123,1792,353.92806016
8,123,2368,320.27595264
9,123,2176,266.864536896
10,123,1856,211.68705888
11,123,2496,233.853397504
12,123,1024,346.478414912
13,123,192,5.138827328
14,123,2112,299.158411328
15,123,2880,264.487166784
16,123,2944,436.763217472
1,124,1920,406.019176128
2,124,2112,212.320893568
3,124,1856,130.383901056
4,124,2880,226.333867392
5,124,1088,204.352205056
6,124,2432,338.389182208
7,124,2240,618.31839488
8,124,2304,354.17031424
9,124,1472,379.222374976
10,124,2624,319.024743872
11,124,2112,220.5604816
12,124,2624,300.978112
13,124,1728,179.649621696
14,124,1984,382.185668352
15,124,1920,341.598148352
16,124,3520,304.608040832
1,125,2432,440.180555968
2,125,1792,129.615887424
3,125,2240,517.894227904
4,125,2240,207.571155392
5,125,1984,346.196212352
6,125,1856,265.99692608
7,125,1472,419.99850368
8,125,2624,432.97809152
9,125,2304,204.060288896
10,125,2496,404.059196992
11,125,2560,107.543971392
12,125,3200,331.559917248
13,125,2560,605.87587136
14,125,3072,258.895836672
15,125,4288,42.252810368
16,125,2624,153.886489344
1,126,1536,390.1799824
2,126,2304,542.6163328
3,126,1408,654.040014272
4,126,960,189.95763424
5,126,1984,445.050522112
6,126,1792,91.881599808
7,126,1664,461.341406912
8,126,1920,648.37826112
9,126,2304,265.745373312
10,126,2560,487.794958592
11,126,2560,349.256453312
12,126,1536,209.878556992
13,126,2240,532.20885984
14,126,2304,252.107286656
15,126,2624,504.973722496
16,126,1920,251.077325888
1,127,3200,277.478122752
2,127,2944,354.151776448
3,127,4352,145.420637184
4,127,4160,462.837695424
5,127,2624,449.814842496
6,127,1664,190.3699488
7,127,1600,374.829348608
8,127,1216,449.802522752
9,127,1600,434.812380352
10,127,1728,474.819429376
11,127,1408,235.955642944
12,127,2112,694.080569088
13,127,576,547.179116288
14,127,1856,637.459310336
15,127,1984,413.98863488
16,127,1664,425.802698176
1,128,3648,293.435087616
2,128,2944,303.514489088
3,128,3264,499.504156992
4,128,2560,381.213045568
5,128,3968,528.17342912
6,128,2176,365.820762304
7,128,1536,395.619604288
8,128,2752,599.329098816
9,128,2112,301.210030656
10,128,1984,460.720433728
11,128,2752,575.148226752
12,128,3200,547.426912384
13,128,1920,549.08844224
14,128,1920,540.318878208
15,128,3072,503.508323328
16,128,2752,551.123332352
1,129,1984,321.962279936
2,129,2240,437.646993472
3,129,1216,314.97035392
4,129,1728,422.3318592
5,129,2048,230.72044192
6,129,1984,268.952727168
7,129,2432,458.102988672
8,129,2240,387.322156608
9,129,2752,510.280936832
10,129,2560,501.03170752
11,129,3136,503.1173632
12,129,3584,447.64682528
13,129,1984,435.739029376
14,129,2112,374.31222016
15,129,2752,344.581284864
16,129,3328,385.977228288
1,130,2112,338.476783488
2,130,1792,196.623571584
3,130,1664,513.314056128
4,130,2816,538.789924928
5,130,1984,581.007580928
6,130,1728,260.662304128
7,130,2176,522.79753248
8,130,2240,454.798737664
9,130,3072,464.88330816
10,130,1344,350.896000768
11,130,1984,297.176105664
12,130,2752,595.741780096
13,130,2240,433.087433088
14,130,1216,578.997887872
15,130,3264,238.397093824
16,130,3008,413.568199744
1,131,3136,532.839559424
2,131,1600,547.64735072
3,131,1280,255.527279296
4,131,1280,315.83117344
5,131,2560,487.16377184
6,131,1472,399.530474304
7,131,832,248.742343936
8,131,1344,511.367184704
9,131,2048,537.776680256
10,131,1024,285.579631296
11,131,960,385.581758272
12,131,1024,278.869114112
13,131,2304,646.222850944
14,131,1280,267.769334784
15,131,1408,259.151996928
16,131,1536,377.50691072
1,132,896,386.338506304
2,132,2048,456.679571264
3,132,1664,543.181078336
4,132,2624,150.857085888
5,132,1152,352.669695936
6,132,1600,506.006378496
7,132,1792,525.450410176
8,132,1920,309.875662912
9,132,960,440.518189184
10,132,1152,315.277820224
11,132,1600,435.37498752
12,132,1792,313.62016064
13,132,1088,414.544862656
14,132,1792,377.382340928
15,132,1600,565.588731072
16,132,1536,356.572630336
1,133,3968,112.547235072
2,133,3584,112.83898112
3,133,4096,99.441867072
4,133,3776,116.793546176
5,133,3904,186.106158848
6,133,4736,83.172867136
7,133,4224,90.664097792
8,133,2624,76.483685312
9,133,3648,172.882963328
10,133,4288,154.347458304
11,133,4544,92.22079328
12,133,3776,161.941106432
13,133,2816,116.871577472
14,133,6464,91.30953824
15,133,5504,109.5980352
16,133,4288,135.021304448
1,134,1728,356.210316992
2,134,1408,489.830101504
3,134,1600,407.340848512
4,134,1600,552.19264672
5,134,2688,315.475539264
6,134,1664,498.17001376
7,134,1408,318.593492864
8,134,1344,553.47888384
9,134,2688,222.723750848
10,134,1792,71.119929088
11,134,2368,329.191403392
12,134,960,409.987416832
13,134,2368,241.776720256
14,134,3136,412.552916032
15,134,2688,389.277381312
16,134,1728,355.977369984
1,135,1152,322.863428096
2,135,1280,458.000443072
3,135,1216,307.1049152
4,135,1536,474.834980928
5,135,1152,544.011211776
6,135,1408,488.329414656
7,135,1216,294.33596768
8,135,1152,453.247677184
9,135,1216,347.381327808
10,135,1536,277.605081344
11,135,1536,381.164243648
12,135,1152,345.41570208
13,135,1344,636.111023104
14,135,1664,392.122325824
15,135,832,186.56387264
16,135,960,343.154827968
1,136,1984,636.967349376
2,136,1856,215.785439744
3,136,1792,374.826782848
4,136,1216,137.768953792
5,136,1216,260.366035776
6,136,2496,112.196728896
7,136,1856,280.532849664
8,136,2112,184.746516864
9,136,1152,254.211606848
10,136,1344,246.734007552
11,136,1728,133.908585024
12,136,1920,288.853223744
13,136,1600,612.683115136
14,136,1920,473.055853376
15,136,1408,452.663504
16,136,1600,339.769269504
1,137,2368,347.485115968
2,137,2624,256.545991616
3,137,1280,106.459756608
4,137,2240,528.320538048
5,137,1280,359.180524288
6,137,2368,348.185688704
7,137,1728,432.043595456
8,137,1536,479.689347456
9,137,2240,241.25031328
10,137,1728,412.22459072
11,137,1984,431.182173696
12,137,2624,536.963366336
13,137,1472,346.034092672
14,137,1728,371.858686272
15,137,1856,674.016492608
16,137,1152,53.687819648
1,138,1728,288.758626624
2,138,832,331.789137664
3,138,1472,251.955662912
4,138,1472,189.531903808
5,138,2432,221.970585152
6,138,1344,270.733466176
7,138,1600,375.95779104
8,138,1984,181.577877312
9,138,1920,867.563346432
10,138,1408,119.329273536
11,138,1536,376.637318656
12,138,1216,779.8230928
13,138,2048,264.757487232
14,138,1856,309.252950976
15,138,832,67.029453184
16,138,1856,433.944720704
1,139,2176,300.23780384
2,139,2048,432.533904064
3,139,2560,305.679543616
4,139,4288,260.050067904
5,139,2944,292.628637696
6,139,2752,533.702420928
7,139,2368,164.757910656
8,139,4032,480.979130112
9,139,3200,395.124890112
10,139,2112,246.208526016
11,139,2240,299.17850176
12,139,1920,260.079871104
13,139,2816,530.339446912
14,139,4352,315.508552832
15,139,1920,403.911406016
16,139,2880,415.310001216
1,140,1344,494.214499072
2,140,1728,462.138492864
3,140,1856,210.433922304
4,140,1984,721.42264864
5,140,1280,628.226101504
6,140,1344,384.233760704
7,140,2752,302.398165696
8,140,2048,452.886432192
9,140,1536,315.717559552
10,140,2176,458.555498112
11,140,2560,586.053398016
12,140,1536,366.05272576
13,140,1600,290.5488816
14,140,1664,348.90180672
15,140,2496,913.146855744
16,140,3072,587.155201792
